,score,learner,type
0,0.9803921568627451,Random Forest,TESTDEL
1,0.9803921568627451,SVC,TESTDEL
2,0.7906976744186047,GBC,TESTDEL
3,0.8771929824561403,Naive Bayes,TESTDEL
4,0.14814814814814814,KNN,TESTDEL
