,score,learner,type
0,0.8928571428571428,Random Forest,TESTDEL
1,0.9615384615384615,SVC,TESTDEL
2,0.92,GBC,TESTDEL
3,0.819672131147541,Naive Bayes,TESTDEL
4,0.43750000000000006,KNN,TESTDEL
