,score,learner,type
0,0.8771929824561403,Random Forest,TESTDEL
1,0.9259259259259259,SVC,TESTDEL
2,0.9019607843137256,GBC,TESTDEL
3,0.7936507936507937,Naive Bayes,TESTDEL
4,0.21428571428571425,KNN,TESTDEL
