,score,learner,type
0,0.9090909090909091,Random Forest,TESTDEL
1,0.9615384615384615,SVC,TESTDEL
2,0.8627450980392156,GBC,TESTDEL
3,0.8064516129032258,Naive Bayes,TESTDEL
4,0.07692307692307693,KNN,TESTDEL
