,score,learner,type
0,0.9259259259259259,Random Forest,TESTDEL
1,0.9259259259259259,SVC,TESTDEL
2,0.8979591836734694,GBC,TESTDEL
3,0.8333333333333333,Naive Bayes,TESTDEL
4,0.43750000000000006,KNN,TESTDEL
