,score,learner,type
0,0.9090909090909091,Random Forest,TESTDEL
1,0.9803921568627451,SVC,TESTDEL
2,0.9259259259259259,GBC,TESTDEL
3,0.8333333333333333,Naive Bayes,TESTDEL
4,0.48484848484848486,KNN,TESTDEL
