,score,learner,type
0,1.0,Random Forest,TESTDEL
1,0.9803921568627451,SVC,TESTDEL
2,0.8695652173913043,GBC,TESTDEL
3,0.8928571428571428,Naive Bayes,TESTDEL
4,0.2758620689655173,KNN,TESTDEL
