,score,learner,type
0,0.9259259259259259,Random Forest,TESTDEL
1,0.9433962264150945,SVC,TESTDEL
2,0.6250000000000001,GBC,TESTDEL
3,0.8333333333333333,Naive Bayes,TESTDEL
4,0.07692307692307693,KNN,TESTDEL
