,score,learner,type
0,1.0,Random Forest,TESTDEL
1,0.9803921568627451,SVC,TESTDEL
2,0.888888888888889,GBC,TESTDEL
3,0.8928571428571428,Naive Bayes,TESTDEL
4,0.3870967741935484,KNN,TESTDEL
