,score,learner,type
0,0.9433962264150945,Random Forest,TESTDEL
1,0.9615384615384615,SVC,TESTDEL
2,0.9803921568627451,GBC,TESTDEL
3,0.8333333333333333,Naive Bayes,TESTDEL
4,0.0,KNN,TESTDEL
