,score,learner,type
0,0.9259259259259259,Random Forest,TESTDEL
1,0.9433962264150945,SVC,TESTDEL
2,0.7317073170731707,GBC,TESTDEL
3,0.7692307692307693,Naive Bayes,TESTDEL
4,0.33333333333333337,KNN,TESTDEL
