,score,learner,type
0,0.9433962264150945,Random Forest,TESTDEL
1,0.9803921568627451,SVC,TESTDEL
2,0.888888888888889,GBC,TESTDEL
3,0.8474576271186441,Naive Bayes,TESTDEL
4,0.2758620689655173,KNN,TESTDEL
