,score,learner,type
0,0.9259259259259259,Random Forest,TESTDEL
1,0.9803921568627451,SVC,TESTDEL
2,0.8979591836734694,GBC,TESTDEL
3,0.8474576271186441,Naive Bayes,TESTDEL
4,0.0,KNN,TESTDEL
