,score,learner,type
0,0.9259259259259259,Random Forest,TESTDEL
1,0.9259259259259259,SVC,TESTDEL
2,0.9130434782608696,GBC,TESTDEL
3,0.8474576271186441,Naive Bayes,TESTDEL
4,0.21428571428571425,KNN,TESTDEL
