,score,learner,type
0,0.9433962264150945,Random Forest,TESTDEL
1,0.9615384615384615,SVC,TESTDEL
2,0.9019607843137256,GBC,TESTDEL
3,0.8928571428571428,Naive Bayes,TESTDEL
4,0.07692307692307693,KNN,TESTDEL
