,score,learner,type
0,0.9615384615384615,Random Forest,TESTDEL
1,0.9803921568627451,SVC,TESTDEL
2,0.923076923076923,GBC,TESTDEL
3,0.8771929824561403,Naive Bayes,TESTDEL
4,0.21428571428571425,KNN,TESTDEL
