,score,learner,type
0,0.9615384615384615,Random Forest,TESTDEL
1,0.9615384615384615,SVC,TESTDEL
2,0.8444444444444444,GBC,TESTDEL
3,0.8620689655172413,Naive Bayes,TESTDEL
4,0.2758620689655173,KNN,TESTDEL
