,score,learner,type
0,0.9615384615384615,Random Forest,TESTDEL
1,0.9803921568627451,SVC,TESTDEL
2,1.0,GBC,TESTDEL
3,0.8928571428571428,Naive Bayes,TESTDEL
4,0.48484848484848486,KNN,TESTDEL
