,score,learner,type
0,0.8928571428571428,Random Forest,TESTDEL
1,0.9433962264150945,SVC,TESTDEL
2,0.9387755102040817,GBC,TESTDEL
3,0.8474576271186441,Naive Bayes,TESTDEL
4,0.0,KNN,TESTDEL
