,score,learner,type
0,0.9433962264150945,Random Forest,TESTDEL
1,0.9615384615384615,SVC,TESTDEL
2,0.9387755102040817,GBC,TESTDEL
3,0.8064516129032258,Naive Bayes,TESTDEL
4,0.0,KNN,TESTDEL
