,score,learner,type
0,0.9615384615384615,Random Forest,TESTDEL
1,0.9433962264150945,SVC,TESTDEL
2,0.9433962264150945,GBC,TESTDEL
3,0.8474576271186441,Naive Bayes,TESTDEL
4,0.43750000000000006,KNN,TESTDEL
