,score,learner,type
0,1.0,Random Forest,TESTDEL
1,0.9803921568627451,SVC,TESTDEL
2,0.9130434782608696,GBC,TESTDEL
3,0.9090909090909091,Naive Bayes,TESTDEL
4,0.2758620689655173,KNN,TESTDEL
