,score,learner,type
0,0.8928571428571428,Random Forest,TESTDEL
1,0.9803921568627451,SVC,TESTDEL
2,0.8181818181818181,GBC,TESTDEL
3,0.7812500000000001,Naive Bayes,TESTDEL
4,0.21428571428571425,KNN,TESTDEL
