,score,learner,type
0,0.9803921568627451,Random Forest,TESTDEL
1,1.0,SVC,TESTDEL
2,0.9795918367346939,GBC,TESTDEL
3,0.8620689655172413,Naive Bayes,TESTDEL
4,0.21428571428571425,KNN,TESTDEL
