,score,learner,type
0,0.9615384615384615,Random Forest,TESTDEL
1,1.0,SVC,TESTDEL
2,0.8260869565217391,GBC,TESTDEL
3,0.8064516129032258,Naive Bayes,TESTDEL
4,0.2758620689655173,KNN,TESTDEL
