,score,learner,type
0,0.9615384615384615,Random Forest,TESTDEL
1,1.0,SVC,TESTDEL
2,0.8695652173913043,GBC,TESTDEL
3,0.8620689655172413,Naive Bayes,TESTDEL
4,0.48484848484848486,KNN,TESTDEL
