,score,learner,type
0,0.9803921568627451,Random Forest,TESTDEL
1,1.0,SVC,TESTDEL
2,0.8399999999999999,GBC,TESTDEL
3,0.8620689655172413,Naive Bayes,TESTDEL
4,0.07692307692307693,KNN,TESTDEL
