,score,learner,type
0,0.9090909090909091,Random Forest,TESTDEL
1,0.9259259259259259,SVC,TESTDEL
2,0.8085106382978724,GBC,TESTDEL
3,0.7462686567164178,Naive Bayes,TESTDEL
4,0.2758620689655173,KNN,TESTDEL
