,score,learner,type
0,0.9803921568627451,Random Forest,TESTDEL
1,0.9615384615384615,SVC,TESTDEL
2,0.8444444444444444,GBC,TESTDEL
3,0.8474576271186441,Naive Bayes,TESTDEL
4,0.21428571428571425,KNN,TESTDEL
