,score,learner,type
0,0.9803921568627451,Random Forest,TESTDEL
1,0.9803921568627451,SVC,TESTDEL
2,0.7999999999999999,GBC,TESTDEL
3,0.819672131147541,Naive Bayes,TESTDEL
4,0.07692307692307693,KNN,TESTDEL
