,score,learner,type
0,0.9615384615384615,Random Forest,TESTDEL
1,0.9803921568627451,SVC,TESTDEL
2,0.8363636363636363,GBC,TESTDEL
3,0.8620689655172413,Naive Bayes,TESTDEL
4,0.5294117647058824,KNN,TESTDEL
