,score,learner,type
0,0.9615384615384615,Random Forest,TESTDEL
1,1.0,SVC,TESTDEL
2,0.8571428571428572,GBC,TESTDEL
3,0.8771929824561403,Naive Bayes,TESTDEL
4,0.07692307692307693,KNN,TESTDEL
