,score,learner,type
0,0.9615384615384615,Random Forest,TESTDEL
1,0.9803921568627451,SVC,TESTDEL
2,0.9411764705882353,GBC,TESTDEL
3,0.819672131147541,Naive Bayes,TESTDEL
4,0.43750000000000006,KNN,TESTDEL
