,score,learner,type
0,0.9615384615384615,Random Forest,TESTDEL
1,1.0,SVC,TESTDEL
2,0.9411764705882353,GBC,TESTDEL
3,0.8928571428571428,Naive Bayes,TESTDEL
4,0.14814814814814814,KNN,TESTDEL
