,score,learner,type
0,0.9259259259259259,Random Forest,TESTDEL
1,1.0,SVC,TESTDEL
2,0.7000000000000001,GBC,TESTDEL
3,0.7936507936507937,Naive Bayes,TESTDEL
4,0.14814814814814814,KNN,TESTDEL
