,score,learner,type
0,1.0,Random Forest,TESTDEL
1,0.9803921568627451,SVC,TESTDEL
2,0.9166666666666666,GBC,TESTDEL
3,0.8474576271186441,Naive Bayes,TESTDEL
4,0.33333333333333337,KNN,TESTDEL
