,score,learner,type
0,0.9259259259259259,Random Forest,TESTDEL
1,0.9433962264150945,SVC,TESTDEL
2,0.8749999999999999,GBC,TESTDEL
3,0.8474576271186441,Naive Bayes,TESTDEL
4,0.2758620689655173,KNN,TESTDEL
