,score,learner,type
0,1.0,Random Forest,TESTDEL
1,0.9803921568627451,SVC,TESTDEL
2,0.7142857142857143,GBC,TESTDEL
3,0.9090909090909091,Naive Bayes,TESTDEL
4,0.14814814814814814,KNN,TESTDEL
