,score,learner,type
0,0.9433962264150945,Random Forest,TESTDEL
1,0.9615384615384615,SVC,TESTDEL
2,0.9259259259259259,GBC,TESTDEL
3,0.8771929824561403,Naive Bayes,TESTDEL
4,0.14814814814814814,KNN,TESTDEL
