,score,learner,type
0,0.9090909090909091,Random Forest,TESTDEL
1,0.9433962264150945,SVC,TESTDEL
2,0.8936170212765958,GBC,TESTDEL
3,0.819672131147541,Naive Bayes,TESTDEL
4,0.33333333333333337,KNN,TESTDEL
