,score,learner,type
0,0.9433962264150945,Random Forest,TESTDEL
1,0.9803921568627451,SVC,TESTDEL
2,0.88,GBC,TESTDEL
3,0.8620689655172413,Naive Bayes,TESTDEL
4,0.33333333333333337,KNN,TESTDEL
