,score,learner,type
0,0.2758620689655173,Random Forest,TESTDEL
1,0.23529411764705882,SVC,TESTDEL
2,0.6382978723404256,GBC,TESTDEL
3,0.17857142857142855,Naive Bayes,TESTDEL
4,0.0,KNN,TESTDEL
