,score,learner,type
0,0.5294117647058824,Random Forest,TESTDEL
1,0.4444444444444445,SVC,TESTDEL
2,0.47368421052631576,GBC,TESTDEL
3,0.5294117647058824,Naive Bayes,TESTDEL
4,0.0,KNN,TESTDEL
