,score,learner,type
0,0.3870967741935484,Random Forest,TESTDEL
1,0.34285714285714286,SVC,TESTDEL
2,0.6086956521739131,GBC,TESTDEL
3,0.041666666666666664,Naive Bayes,TESTDEL
4,0.0,KNN,TESTDEL
