,score,learner,type
0,0.30303030303030304,Random Forest,TESTDEL
1,0.3829787234042554,SVC,TESTDEL
2,0.45714285714285713,GBC,TESTDEL
3,0.5714285714285715,Naive Bayes,TESTDEL
4,0.0,KNN,TESTDEL
