,score,learner,type
0,0.07692307692307693,Random Forest,TESTDEL
1,0.3333333333333333,SVC,TESTDEL
2,0.4444444444444445,GBC,TESTDEL
3,0.10526315789473685,Naive Bayes,TESTDEL
4,0.0,KNN,TESTDEL
