,score,learner,type
0,1.0,Random Forest,TESTDEL
1,0.9615384615384615,SVC,TESTDEL
2,0.9803921568627451,GBC,TESTDEL
3,0.9361702127659575,Naive Bayes,TESTDEL
4,0.7812500000000001,KNN,TESTDEL
