,score,learner,type
0,0.3529411764705882,Random Forest,TESTDEL
1,0.5306122448979592,SVC,TESTDEL
2,0.4444444444444444,GBC,TESTDEL
3,0.3225806451612903,Naive Bayes,TESTDEL
4,0.0,KNN,TESTDEL
