,score,learner,type
0,1.0,Random Forest,TESTDEL
1,0.9433962264150945,SVC,TESTDEL
2,0.9090909090909091,GBC,TESTDEL
3,0.9166666666666666,Naive Bayes,TESTDEL
4,0.8474576271186441,KNN,TESTDEL
