,score,learner,type
0,0.1764705882352941,Random Forest,TESTDEL
1,0.47058823529411764,SVC,TESTDEL
2,0.6153846153846153,GBC,TESTDEL
3,0.7999999999999999,Naive Bayes,TESTDEL
4,0.0,KNN,TESTDEL
