,score,learner,type
0,0.07692307692307693,Random Forest,TESTDEL
1,0.48888888888888893,SVC,TESTDEL
2,0.5128205128205129,GBC,TESTDEL
3,0.19047619047619052,Naive Bayes,TESTDEL
4,0.0,KNN,TESTDEL
