,score,learner,type
0,0.28571428571428575,Random Forest,TESTDEL
1,0.6451612903225806,SVC,TESTDEL
2,0.391304347826087,GBC,TESTDEL
3,0.7540983606557377,Naive Bayes,TESTDEL
4,0.0,KNN,TESTDEL
