,score,learner,type
0,0.25806451612903225,Random Forest,TESTDEL
1,0.39999999999999997,SVC,TESTDEL
2,0.5555555555555556,GBC,TESTDEL
3,0.47058823529411764,Naive Bayes,TESTDEL
4,0.0,KNN,TESTDEL
