,score,learner,type
0,0.2758620689655173,Random Forest,TESTDEL
1,0.46808510638297873,SVC,TESTDEL
2,0.48484848484848486,GBC,TESTDEL
3,0.33333333333333337,Naive Bayes,TESTDEL
4,0.0,KNN,TESTDEL
