,score,learner,type
0,0.3529411764705882,Random Forest,TESTDEL
1,0.4444444444444445,SVC,TESTDEL
2,0.2926829268292683,GBC,TESTDEL
3,0.2727272727272727,Naive Bayes,TESTDEL
4,0.0,KNN,TESTDEL
