,score,learner,type
0,0.14814814814814814,Random Forest,TESTDEL
1,0.42857142857142855,SVC,TESTDEL
2,0.5789473684210525,GBC,TESTDEL
3,0.14285714285714285,Naive Bayes,TESTDEL
4,0.0,KNN,TESTDEL
