,score,learner,type
0,0.14814814814814814,Random Forest,TESTDEL
1,0.43902439024390244,SVC,TESTDEL
2,0.3157894736842105,GBC,TESTDEL
3,0.044444444444444446,Naive Bayes,TESTDEL
4,0.0,KNN,TESTDEL
