,score,learner,type
0,0.45714285714285713,Random Forest,TESTDEL
1,0.3684210526315789,SVC,TESTDEL
2,0.5333333333333332,GBC,TESTDEL
3,0.10526315789473685,Naive Bayes,TESTDEL
4,0.0,KNN,TESTDEL
