,score,learner,type
0,0.14285714285714285,Random Forest,TESTDEL
1,0.43478260869565216,SVC,TESTDEL
2,0.3111111111111111,GBC,TESTDEL
3,0.2758620689655173,Naive Bayes,TESTDEL
4,0.0,KNN,TESTDEL
