,score,learner,type
0,0.9795918367346939,Random Forest,TESTDEL
1,0.9259259259259259,SVC,TESTDEL
2,1.0,GBC,TESTDEL
3,0.9166666666666666,Naive Bayes,TESTDEL
4,0.8474576271186441,KNN,TESTDEL
