,score,learner,type
0,0.26666666666666666,Random Forest,TESTDEL
1,0.4615384615384615,SVC,TESTDEL
2,0.5306122448979592,GBC,TESTDEL
3,0.08163265306122448,Naive Bayes,TESTDEL
4,0.0,KNN,TESTDEL
