,score,learner,type
0,0.25806451612903225,Random Forest,TESTDEL
1,0.5098039215686274,SVC,TESTDEL
2,0.4444444444444445,GBC,TESTDEL
3,0.6792452830188679,Naive Bayes,TESTDEL
4,0.0,KNN,TESTDEL
