,score,learner,type
0,0.2758620689655173,Random Forest,TESTDEL
1,0.39999999999999997,SVC,TESTDEL
2,0.5116279069767442,GBC,TESTDEL
3,0.2758620689655173,Naive Bayes,TESTDEL
4,0.0,KNN,TESTDEL
