,score,learner,type
0,0.3529411764705882,Random Forest,TESTDEL
1,0.35000000000000003,SVC,TESTDEL
2,0.6181818181818183,GBC,TESTDEL
3,0.3870967741935484,Naive Bayes,TESTDEL
4,0.0,KNN,TESTDEL
