,score,learner,type
0,0.9795918367346939,Random Forest,TESTDEL
1,0.9090909090909091,SVC,TESTDEL
2,1.0,GBC,TESTDEL
3,0.9411764705882353,Naive Bayes,TESTDEL
4,0.8064516129032258,KNN,TESTDEL
