,score,learner,type
0,0.12903225806451613,Random Forest,TESTDEL
1,0.5614035087719298,SVC,TESTDEL
2,0.5217391304347826,GBC,TESTDEL
3,0.8070175438596492,Naive Bayes,TESTDEL
4,0.0,KNN,TESTDEL
