,score,learner,type
0,1.0,Random Forest,TESTDEL
1,0.9803921568627451,SVC,TESTDEL
2,0.9803921568627451,GBC,TESTDEL
3,0.9803921568627451,Naive Bayes,TESTDEL
4,0.7936507936507937,KNN,TESTDEL
