,score,learner,type
0,1.0,Random Forest,TESTDEL
1,0.8771929824561403,SVC,TESTDEL
2,0.9615384615384615,GBC,TESTDEL
3,0.8979591836734694,Naive Bayes,TESTDEL
4,0.7812500000000001,KNN,TESTDEL
