,score,learner,type
0,0.07692307692307693,Random Forest,TESTDEL
1,0.5106382978723404,SVC,TESTDEL
2,0.48888888888888893,GBC,TESTDEL
3,0.07692307692307693,Naive Bayes,TESTDEL
4,0.0,KNN,TESTDEL
