,score,learner,type
0,0.9795918367346939,Random Forest,TESTDEL
1,0.9259259259259259,SVC,TESTDEL
2,1.0,GBC,TESTDEL
3,0.9387755102040817,Naive Bayes,TESTDEL
4,0.8333333333333333,KNN,TESTDEL
