,score,learner,type
0,0.9803921568627451,Random Forest,TESTDEL
1,0.9433962264150945,SVC,TESTDEL
2,0.9615384615384615,GBC,TESTDEL
3,0.9166666666666666,Naive Bayes,TESTDEL
4,0.819672131147541,KNN,TESTDEL
