,score,learner,type
0,0.2758620689655173,Random Forest,TESTDEL
1,0.4255319148936171,SVC,TESTDEL
2,0.5365853658536586,GBC,TESTDEL
3,0.07692307692307693,Naive Bayes,TESTDEL
4,0.0,KNN,TESTDEL
