,score,learner,type
0,0.26666666666666666,Random Forest,TESTDEL
1,0.34146341463414637,SVC,TESTDEL
2,0.6250000000000001,GBC,TESTDEL
3,0.21428571428571425,Naive Bayes,TESTDEL
4,0.0,KNN,TESTDEL
