,score,learner,type
0,0.26666666666666666,Random Forest,TESTDEL
1,0.391304347826087,SVC,TESTDEL
2,0.6341463414634146,GBC,TESTDEL
3,0.7391304347826089,Naive Bayes,TESTDEL
4,0.0,KNN,TESTDEL
