,score,learner,type
0,0.07407407407407407,Random Forest,TESTDEL
1,0.3636363636363636,SVC,TESTDEL
2,0.32432432432432434,GBC,TESTDEL
3,0.2758620689655173,Naive Bayes,TESTDEL
4,0.0,KNN,TESTDEL
