,score,learner,type
0,0.07692307692307693,Random Forest,TESTDEL
1,0.43902439024390244,SVC,TESTDEL
2,0.24242424242424243,GBC,TESTDEL
3,0.10526315789473685,Naive Bayes,TESTDEL
4,0.0,KNN,TESTDEL
