,score,learner,type
0,0.07407407407407407,Random Forest,TESTDEL
1,0.43902439024390244,SVC,TESTDEL
2,0.5217391304347826,GBC,TESTDEL
3,0.046511627906976744,Naive Bayes,TESTDEL
4,0.0,KNN,TESTDEL
