,score,learner,type
0,1.0,Random Forest,TESTDEL
1,0.9803921568627451,SVC,TESTDEL
2,0.9803921568627451,GBC,TESTDEL
3,0.9583333333333334,Naive Bayes,TESTDEL
4,0.9433962264150945,KNN,TESTDEL
