,score,learner,type
0,1.0,Random Forest,TESTDEL
1,0.9259259259259259,SVC,TESTDEL
2,0.888888888888889,GBC,TESTDEL
3,0.9166666666666666,Naive Bayes,TESTDEL
4,0.8064516129032258,KNN,TESTDEL
