,score,learner,type
0,1.0,Random Forest,TESTDEL
1,0.8928571428571428,SVC,TESTDEL
2,0.9259259259259259,GBC,TESTDEL
3,0.9130434782608696,Naive Bayes,TESTDEL
4,0.7812500000000001,KNN,TESTDEL
