,score,learner,type
0,0.07692307692307693,Random Forest,TESTDEL
1,0.29411764705882354,SVC,TESTDEL
2,0.7111111111111111,GBC,TESTDEL
3,0.14285714285714285,Naive Bayes,TESTDEL
4,0.0,KNN,TESTDEL
