,score,learner,type
0,0.14814814814814814,Random Forest,TESTDEL
1,0.39024390243902435,SVC,TESTDEL
2,0.47058823529411764,GBC,TESTDEL
3,0.07692307692307691,Naive Bayes,TESTDEL
4,0.0,KNN,TESTDEL
