,score,learner,type
0,0.26666666666666666,Random Forest,TESTDEL
1,0.25806451612903225,SVC,TESTDEL
2,0.6382978723404256,GBC,TESTDEL
3,0.11111111111111112,Naive Bayes,TESTDEL
4,0.0,KNN,TESTDEL
