,score,learner,type
0,0.9795918367346939,Random Forest,TESTDEL
1,0.9803921568627451,SVC,TESTDEL
2,0.9803921568627451,GBC,TESTDEL
3,0.9795918367346939,Naive Bayes,TESTDEL
4,0.8771929824561403,KNN,TESTDEL
