,score,learner,type
0,0.96,Random Forest,TESTDEL
1,0.9433962264150945,SVC,TESTDEL
2,0.9803921568627451,GBC,TESTDEL
3,0.9795918367346939,Naive Bayes,TESTDEL
4,0.8474576271186441,KNN,TESTDEL
