,score,learner,type
0,0.24242424242424243,Random Forest,TESTDEL
1,0.41666666666666663,SVC,TESTDEL
2,0.34146341463414637,GBC,TESTDEL
3,0.8510638297872342,Naive Bayes,TESTDEL
4,0.0,KNN,TESTDEL
