,score,learner,type
0,0.21428571428571425,Random Forest,TESTDEL
1,0.41860465116279066,SVC,TESTDEL
2,0.5581395348837209,GBC,TESTDEL
3,0.046511627906976744,Naive Bayes,TESTDEL
4,0.0,KNN,TESTDEL
