,score,learner,type
0,0.14814814814814814,Random Forest,TESTDEL
1,0.34285714285714286,SVC,TESTDEL
2,0.6666666666666666,GBC,TESTDEL
3,0.07547169811320756,Naive Bayes,TESTDEL
4,0.0,KNN,TESTDEL
