,score,learner,type
0,0.14814814814814814,Random Forest,TESTDEL
1,0.5490196078431373,SVC,TESTDEL
2,0.5957446808510639,GBC,TESTDEL
3,0.07407407407407407,Naive Bayes,TESTDEL
4,0.0,KNN,TESTDEL
