,score,learner,type
0,0.14814814814814814,Random Forest,TESTDEL
1,0.37209302325581395,SVC,TESTDEL
2,0.7619047619047621,GBC,TESTDEL
3,0.11764705882352941,Naive Bayes,TESTDEL
4,0.0,KNN,TESTDEL
