,score,learner,type
0,1.0,Random Forest,TESTDEL
1,0.9803921568627451,SVC,TESTDEL
2,0.9803921568627451,GBC,TESTDEL
3,0.9387755102040817,Naive Bayes,TESTDEL
4,0.7462686567164178,KNN,TESTDEL
