,score,learner,type
0,0.14814814814814814,Random Forest,TESTDEL
1,0.34146341463414637,SVC,TESTDEL
2,0.5405405405405406,GBC,TESTDEL
3,0.21428571428571425,Naive Bayes,TESTDEL
4,0.0,KNN,TESTDEL
