,score,learner,type
0,0.9795918367346939,Random Forest,TESTDEL
1,0.9615384615384615,SVC,TESTDEL
2,1.0,GBC,TESTDEL
3,0.9803921568627451,Naive Bayes,TESTDEL
4,0.8771929824561403,KNN,TESTDEL
