,score,learner,type
0,0.21428571428571425,Random Forest,TESTDEL
1,0.1764705882352941,SVC,TESTDEL
2,0.7111111111111111,GBC,TESTDEL
3,0.13043478260869565,Naive Bayes,TESTDEL
4,0.0,KNN,TESTDEL
