,score,learner,type
0,0.9583333333333334,Random Forest,TESTDEL
1,0.8771929824561403,SVC,TESTDEL
2,0.9259259259259259,GBC,TESTDEL
3,0.92,Naive Bayes,TESTDEL
4,0.819672131147541,KNN,TESTDEL
