,score,learner,type
0,1.0,Random Forest,TESTDEL
1,0.9090909090909091,SVC,TESTDEL
2,0.9615384615384615,GBC,TESTDEL
3,0.9411764705882353,Naive Bayes,TESTDEL
4,0.8064516129032258,KNN,TESTDEL
