,score,learner,type
0,0.33333333333333337,Random Forest,TESTDEL
1,0.3333333333333333,SVC,TESTDEL
2,0.6666666666666666,GBC,TESTDEL
3,0.04545454545454545,Naive Bayes,TESTDEL
4,0.0,KNN,TESTDEL
