,score,learner,type
0,0.33333333333333337,Random Forest,TESTDEL
1,0.47368421052631576,SVC,TESTDEL
2,0.6086956521739131,GBC,TESTDEL
3,0.041666666666666664,Naive Bayes,TESTDEL
4,0.0,KNN,TESTDEL
