,score,learner,type
0,0.9795918367346939,Random Forest,TESTDEL
1,0.8928571428571428,SVC,TESTDEL
2,0.9803921568627451,GBC,TESTDEL
3,0.9387755102040817,Naive Bayes,TESTDEL
4,0.7936507936507937,KNN,TESTDEL
