,score,learner,type
0,0.07692307692307693,Random Forest,TESTDEL
1,0.46511627906976744,SVC,TESTDEL
2,0.6086956521739131,GBC,TESTDEL
3,0.04761904761904763,Naive Bayes,TESTDEL
4,0.0,KNN,TESTDEL
