,score,learner,type
0,0.9803921568627451,Random Forest,TESTDEL
1,0.9090909090909091,SVC,TESTDEL
2,0.9615384615384615,GBC,TESTDEL
3,0.92,Naive Bayes,TESTDEL
4,0.7692307692307693,KNN,TESTDEL
