,score,learner,type
0,0.96,Random Forest,TESTDEL
1,0.9866666666666667,SVC,TESTDEL
2,0.9466666666666667,GBC,TESTDEL
3,0.9066666666666666,Naive Bayes,TESTDEL
4,0.7466666666666667,KNN,TESTDEL
