,score,learner,type
0,0.96,Random Forest,TESTDEL
1,0.9733333333333334,SVC,TESTDEL
2,0.9466666666666667,GBC,TESTDEL
3,0.9066666666666666,Naive Bayes,TESTDEL
4,0.6933333333333334,KNN,TESTDEL
