,score,learner,type
0,0.96,Random Forest,TESTDEL
1,0.9733333333333334,SVC,TESTDEL
2,0.9333333333333333,GBC,TESTDEL
3,0.8666666666666667,Naive Bayes,TESTDEL
4,0.6933333333333334,KNN,TESTDEL
