,score,learner,type
0,0.92,Random Forest,TESTDEL
1,0.9866666666666667,SVC,TESTDEL
2,0.8933333333333333,GBC,TESTDEL
3,0.8133333333333334,Naive Bayes,TESTDEL
4,0.7066666666666667,KNN,TESTDEL
