,score,learner,type
0,0.9733333333333334,Random Forest,TESTDEL
1,0.9733333333333334,SVC,TESTDEL
2,0.9066666666666666,GBC,TESTDEL
3,0.8933333333333333,Naive Bayes,TESTDEL
4,0.72,KNN,TESTDEL
