,score,learner,type
0,0.9333333333333333,Random Forest,TESTDEL
1,0.96,SVC,TESTDEL
2,0.9066666666666666,GBC,TESTDEL
3,0.8533333333333334,Naive Bayes,TESTDEL
4,0.7866666666666666,KNN,TESTDEL
