,score,learner,type
0,0.9733333333333334,Random Forest,TESTDEL
1,0.9733333333333334,SVC,TESTDEL
2,0.92,GBC,TESTDEL
3,0.9066666666666666,Naive Bayes,TESTDEL
4,0.7066666666666667,KNN,TESTDEL
