,score,learner,type
0,0.9333333333333333,Random Forest,TESTDEL
1,0.9866666666666667,SVC,TESTDEL
2,0.9466666666666667,GBC,TESTDEL
3,0.8666666666666667,Naive Bayes,TESTDEL
4,0.7733333333333333,KNN,TESTDEL
