,score,learner,type
0,0.9866666666666667,Random Forest,TESTDEL
1,1.0,SVC,TESTDEL
2,0.9866666666666667,GBC,TESTDEL
3,0.8933333333333333,Naive Bayes,TESTDEL
4,0.7066666666666667,KNN,TESTDEL
