,score,learner,type
0,0.8933333333333333,Random Forest,TESTDEL
1,0.9866666666666667,SVC,TESTDEL
2,0.8,GBC,TESTDEL
3,0.7866666666666666,Naive Bayes,TESTDEL
4,0.6666666666666666,KNN,TESTDEL
