,score,learner,type
0,0.92,Random Forest,TESTDEL
1,0.9466666666666667,SVC,TESTDEL
2,0.9333333333333333,GBC,TESTDEL
3,0.8266666666666667,Naive Bayes,TESTDEL
4,0.7066666666666667,KNN,TESTDEL
