,score,learner,type
0,0.92,Random Forest,TESTDEL
1,0.9866666666666667,SVC,TESTDEL
2,0.9333333333333333,GBC,TESTDEL
3,0.8666666666666667,Naive Bayes,TESTDEL
4,0.6666666666666666,KNN,TESTDEL
