,score,learner,type
0,1.0,Random Forest,TESTDEL
1,0.9066666666666666,SVC,TESTDEL
2,0.9733333333333334,GBC,TESTDEL
3,0.9333333333333333,Naive Bayes,TESTDEL
4,0.8133333333333334,KNN,TESTDEL
