,score,learner,type
0,0.72,Random Forest,TESTDEL
1,0.6533333333333333,SVC,TESTDEL
2,0.7733333333333333,GBC,TESTDEL
3,0.38666666666666666,Naive Bayes,TESTDEL
4,0.6666666666666666,KNN,TESTDEL
