,score,learner,type
0,0.7066666666666667,Random Forest,TESTDEL
1,0.68,SVC,TESTDEL
2,0.6133333333333333,GBC,TESTDEL
3,0.4266666666666667,Naive Bayes,TESTDEL
4,0.6666666666666666,KNN,TESTDEL
