,score,learner,type
0,0.9866666666666667,Random Forest,TESTDEL
1,0.9733333333333334,SVC,TESTDEL
2,1.0,GBC,TESTDEL
3,0.9866666666666667,Naive Bayes,TESTDEL
4,0.9066666666666666,KNN,TESTDEL
