,score,learner,type
0,0.9866666666666667,Random Forest,TESTDEL
1,0.96,SVC,TESTDEL
2,0.9733333333333334,GBC,TESTDEL
3,0.9466666666666667,Naive Bayes,TESTDEL
4,0.8533333333333334,KNN,TESTDEL
