,score,learner,type
0,0.9733333333333334,Random Forest,resampled
1,0.6666666666666666,SVC,resampled
2,0.9066666666666666,GBC,resampled
3,0.9733333333333334,Naive Bayes,resampled
4,0.8933333333333333,KNN,resampled
5,0.6666666666666666,MLP,resampled
