,score,learner,type
0,0.64,Random Forest,TESTDEL
1,0.6666666666666666,SVC,TESTDEL
2,0.7066666666666667,GBC,TESTDEL
3,0.8533333333333334,Naive Bayes,TESTDEL
4,0.6666666666666666,KNN,TESTDEL
