,score,learner,type
0,0.9733333333333334,Random Forest,TESTDEL
1,0.9733333333333334,SVC,TESTDEL
2,1.0,GBC,TESTDEL
3,0.9733333333333334,Naive Bayes,TESTDEL
4,0.8666666666666667,KNN,TESTDEL
