,score,learner,type
0,0.6666666666666666,Random Forest,TESTDEL
1,0.6266666666666667,SVC,TESTDEL
2,0.64,GBC,TESTDEL
3,0.9066666666666666,Naive Bayes,TESTDEL
4,0.6666666666666666,KNN,TESTDEL
