,score,learner,type
0,1.0,Random Forest,TESTDEL
1,0.9733333333333334,SVC,TESTDEL
2,0.9866666666666667,GBC,TESTDEL
3,0.9733333333333334,Naive Bayes,TESTDEL
4,0.8533333333333334,KNN,TESTDEL
