,score,learner,type
0,0.68,Random Forest,TESTDEL
1,0.6933333333333334,SVC,TESTDEL
2,0.7466666666666667,GBC,TESTDEL
3,0.5466666666666666,Naive Bayes,TESTDEL
4,0.6666666666666666,KNN,TESTDEL
