,score,learner,type
0,0.72,Random Forest,TESTDEL
1,0.6666666666666666,SVC,TESTDEL
2,0.7333333333333333,GBC,TESTDEL
3,0.6133333333333333,Naive Bayes,TESTDEL
4,0.6666666666666666,KNN,TESTDEL
