,score,learner,type
0,0.7066666666666667,Random Forest,TESTDEL
1,0.6933333333333334,SVC,TESTDEL
2,0.7733333333333333,GBC,TESTDEL
3,0.36,Naive Bayes,TESTDEL
4,0.6666666666666666,KNN,TESTDEL
