,score,learner,type
0,0.9733333333333334,Random Forest,TESTDEL
1,0.96,SVC,TESTDEL
2,0.9733333333333334,GBC,TESTDEL
3,0.9733333333333334,Naive Bayes,TESTDEL
4,0.8266666666666667,KNN,TESTDEL
