,score,learner,type
0,0.76,Random Forest,TESTDEL
1,0.6666666666666666,SVC,TESTDEL
2,0.5733333333333334,GBC,TESTDEL
3,0.6266666666666667,Naive Bayes,TESTDEL
4,0.6666666666666666,KNN,TESTDEL
