,score,learner,type
0,0.7066666666666667,Random Forest,TESTDEL
1,0.6533333333333333,SVC,TESTDEL
2,0.72,GBC,TESTDEL
3,0.7466666666666667,Naive Bayes,TESTDEL
4,0.6666666666666666,KNN,TESTDEL
